country,1870,1880,1890,1900,1913,1925,1929,1933,1938,1950,1955,1960,1965,1970,1975,1980,1985,1990,1995,2000,2005,2007,2010,2015
Argentina,0.124,0.131,0.149,0.151,0.188,0.238,0.250,0.230,0.241,0.277,0.240,0.338,0.364,0.254,0.374,0.239,0.456,0.453,0.476,0.493,0.514,0.517,0.524,0.545
Bahamas,,,,,,,,,,0.304,0.348,0.367,0.400,0.409,0.403,0.434,0.466,0.488,0.507,0.543,0.574,0.581,0.605,0.592
Barbados,,,,,,,,,,0.252,0.312,0.347,0.370,0.433,0.446,0.470,0.480,0.510,0.512,0.525,0.549,0.545,0.562,0.564
Belize,,,,,,,,,,0.271,0.307,0.321,0.341,0.342,0.359,0.386,0.400,0.437,0.472,0.512,0.547,0.574,0.579,0.519
Bolivia,0.041,0.054,0.060,0.068,0.089,0.109,0.114,0.114,0.117,0.134,0.144,0.153,0.127,0.126,0.121,0.152,0.282,0.329,0.356,0.374,0.388,0.376,0.390,0.394
Brazil,0.061,0.064,0.065,0.073,0.084,0.094,0.099,0.096,0.094,0.188,0.204,0.219,0.166,0.177,0.191,0.239,0.292,0.413,0.430,0.457,0.481,0.462,0.500,0.501
Chile,0.081,0.086,0.106,0.119,0.136,0.140,0.145,0.192,0.209,0.274,0.276,0.311,0.336,0.357,0.211,0.238,0.268,0.489,0.562,0.599,0.624,0.604,0.635,0.662
Colombia,0.064,0.073,0.075,0.069,0.102,0.130,0.137,0.145,0.154,0.142,0.172,0.232,0.243,0.256,0.284,0.297,0.323,0.328,0.377,0.390,0.381,0.399,0.429,0.447
Costa Rica,,,,,0.134,0.156,0.161,0.170,0.183,0.256,0.297,0.309,0.331,0.340,0.378,0.411,0.435,0.462,0.487,0.508,0.546,0.560,0.574,0.581
Cuba,0.062,0.068,0.082,0.091,0.134,0.160,0.158,0.160,0.183,0.245,0.208,0.166,0.161,0.170,0.186,0.203,0.217,0.228,0.243,0.263,0.281,0.285,0.319,0.367
Dominican R,,,,,,,,,,0.096,0.105,0.116,0.161,0.173,0.184,0.262,0.279,0.284,0.295,0.358,0.368,0.380,0.382,0.393
Ecuador,0.046,0.059,0.068,0.084,0.087,0.091,0.099,0.107,0.099,0.183,0.197,0.213,0.170,0.196,0.188,0.344,0.359,0.396,0.408,0.428,0.451,0.431,0.420,0.411
El Salvador,,,,,0.075,0.080,0.082,0.071,0.076,0.110,0.122,0.125,0.143,0.150,0.148,0.141,0.180,0.211,0.297,0.316,0.340,0.369,0.367,0.387
Guatemala,,,,,0.059,0.064,0.065,0.063,0.072,0.147,0.108,0.119,0.115,0.136,0.142,0.154,0.158,0.242,0.263,0.308,0.330,0.312,0.349,0.382
Guyana,,,,,,,,,,0.200,0.205,0.234,0.243,0.255,0.258,0.260,0.262,0.282,0.321,0.348,0.364,0.364,0.379,0.385
Haiti,,,,,,,,,,0.080,0.100,0.080,0.083,0.088,0.097,0.106,0.114,0.147,0.199,0.216,0.169,0.238,0.220,0.242
Honduras,,,,,0.079,0.085,0.090,0.086,0.088,0.123,0.116,0.127,0.132,0.146,0.151,0.174,0.243,0.266,0.288,0.311,0.324,0.325,0.305,0.318
Jamaica,0.064,0.072,0.095,0.113,0.123,0.133,0.142,0.110,0.157,0.203,0.253,0.300,0.330,0.343,0.358,0.376,0.392,0.419,0.438,0.453,0.467,0.489,0.483,0.526
Mexico,0.055,0.056,0.062,0.061,0.066,0.100,0.094,0.099,0.114,0.149,0.174,0.185,0.198,0.212,0.230,0.257,0.285,0.324,0.378,0.445,0.482,0.466,0.477,0.476
Nicaragua,0.051,0.039,0.053,0.060,0.059,0.067,0.070,0.069,0.074,0.091,0.102,0.111,0.122,0.129,0.143,0.179,0.223,0.290,0.334,0.336,0.362,0.304,0.326,0.289
Panama,,,,,,,,,,0.202,0.221,0.246,0.253,0.212,0.229,0.250,0.262,0.372,0.468,0.485,0.501,0.513,0.521,0.560
Paraguay,,,,,,,,,,0.158,0.149,0.142,0.165,0.168,0.178,0.193,0.201,0.302,0.355,0.364,0.393,0.395,0.420,0.422
Peru,,,,,0.075,0.085,0.093,0.092,0.099,0.113,0.131,0.205,0.239,0.151,0.169,0.221,0.341,0.349,0.278,0.327,0.482,0.483,0.484,0.504
Saint Kitts and Nevis,,,,,,,,,,0.228,0.279,0.311,0.319,0.360,0.380,0.392,0.402,0.436,0.448,0.473,0.487,0.486,0.496,0.505
Saint Lucia,,,,,,,,,,0.185,0.224,0.245,0.259,0.296,0.317,0.347,0.374,0.417,0.426,0.443,0.465,0.469,0.476,0.507
Saint Vincent and Grenadines,,,,,,,,,,0.215,0.257,0.302,0.312,0.353,0.368,0.389,0.403,0.437,0.443,0.462,0.475,0.476,0.486,0.491
Suriname,,,,,,,,,,0.262,0.277,0.290,0.300,0.315,0.354,0.274,0.291,0.295,0.403,0.407,0.414,0.419,0.425,0.458
Trinidad and Tobago,,,,,,,,,,0.282,0.299,0.347,0.380,0.402,0.416,0.451,0.461,0.482,0.487,0.498,0.505,0.503,0.525,0.554
Uruguay,0.148,0.143,0.169,0.190,0.203,0.248,0.264,0.223,0.257,0.367,0.387,0.393,0.396,0.367,0.219,0.237,0.411,0.491,0.508,0.533,0.540,0.541,0.571,0.559
Venezuela,0.056,0.060,0.071,0.064,0.070,0.077,0.074,0.075,0.117,0.150,0.160,0.308,0.318,0.363,0.384,0.404,0.399,0.412,0.419,0.385,0.344,0.316,0.349,0.348
Albania,0.032,0.029,0.030,0.032,0.055,0.076,0.083,0.092,0.092,0.127,0.134,0.145,0.154,0.175,0.193,0.217,0.238,0.259,0.374,0.419,0.471,0.495,0.498,0.489
Austria,0.150,0.156,0.174,0.197,0.228,0.307,0.333,0.235,0.220,0.394,0.429,0.458,0.478,0.501,0.534,0.566,0.588,0.612,0.637,0.662,0.677,0.638,0.703,0.707
Belgium,0.219,0.233,0.245,0.269,0.298,0.316,0.322,0.324,0.337,0.402,0.421,0.438,0.475,0.490,0.509,0.539,0.560,0.595,0.625,0.653,0.676,0.667,0.699,0.705
Belarus,,,,,,,,,,,,,,,,0.216,0.230,0.432,0.419,0.317,0.320,0.312,0.348,0.380
Bulgaria,0.093,0.123,0.118,0.147,0.173,0.174,0.185,0.201,0.181,0.183,0.202,0.226,0.242,0.250,0.259,0.267,0.269,0.412,0.490,0.512,0.544,0.523,0.555,0.551
Croatia,,,,,,,,,,,,,,,,0.314,0.326,0.340,0.382,0.514,0.556,0.581,0.604,0.608
Cyprus,,,,,0.123,0.135,0.144,0.143,0.151,0.208,0.211,0.269,0.338,0.350,0.383,0.420,0.460,0.493,0.520,0.546,0.561,0.599,0.615,0.678
Czech Republic,0.154,0.159,0.169,0.188,0.214,0.318,0.337,0.340,0.349,0.206,0.218,0.255,0.269,0.253,0.264,0.280,0.293,0.448,0.571,0.593,0.620,0.689,0.645,0.679
Denmark,0.236,0.237,0.249,0.276,0.347,0.399,0.408,0.419,0.429,0.484,0.511,0.535,0.547,0.579,0.598,0.614,0.629,0.644,0.665,0.696,0.723,0.689,0.724,0.771
Estonia,,,,,,,,,,,,,,,,0.221,0.235,0.483,0.537,0.593,0.625,0.641,0.648,0.709
Finland,0.124,0.122,0.137,0.136,0.196,0.258,0.264,0.283,0.313,0.398,0.422,0.443,0.458,0.483,0.509,0.552,0.584,0.608,0.639,0.669,0.700,0.659,0.726,0.705
France,0.177,0.243,0.259,0.277,0.323,0.342,0.346,0.355,0.366,0.442,0.446,0.478,0.501,0.548,0.587,0.608,0.630,0.655,0.669,0.696,0.722,0.664,0.765,0.743
Germany,0.184,0.195,0.217,0.239,0.265,0.345,0.360,0.245,0.167,0.459,0.496,0.515,0.554,0.578,0.605,0.643,0.677,0.697,0.724,0.730,0.747,0.725,0.772,0.776
Greece,0.110,0.130,0.139,0.157,0.172,0.190,0.216,0.224,0.159,0.266,0.312,0.327,0.351,0.248,0.455,0.499,0.525,0.551,0.581,0.606,0.640,0.629,0.658,0.648
Hungary,0.129,0.138,0.153,0.176,0.195,0.221,0.238,0.236,0.254,0.211,0.234,0.250,0.273,0.284,0.293,0.301,0.309,0.469,0.520,0.544,0.575,0.586,0.567,0.574
Iceland,,,,,,,,,,0.395,0.423,0.444,0.459,0.477,0.511,0.547,0.570,0.598,0.620,0.661,0.713,0.684,0.717,0.768
Ireland,0.181,0.206,0.230,0.252,0.290,0.341,0.348,0.361,0.364,0.399,0.423,0.444,0.462,0.479,0.495,0.509,0.531,0.556,0.581,0.610,0.651,0.693,0.671,0.751
Italy,0.091,0.114,0.138,0.162,0.208,0.144,0.136,0.145,0.146,0.344,0.364,0.402,0.420,0.450,0.472,0.506,0.540,0.569,0.602,0.642,0.668,0.631,0.699,0.720
Latvia,,,,,,,,,,,,,,,,0.221,0.235,0.473,0.499,0.528,0.561,0.556,0.573,0.623
Lithuania,,,,,,,,,,,,,,,,0.216,0.231,0.526,0.508,0.544,0.567,0.574,0.604,0.660
Malta,,,,,,,,,,0.266,0.291,0.244,0.327,0.361,0.387,0.410,0.436,0.489,0.524,0.556,0.581,0.576,0.600,0.632
Moldova,,,,,,,,,,,,,,,,0.199,0.214,0.395,0.395,0.408,0.405,0.410,0.449,0.510
Netherlands,0.221,0.235,0.257,0.279,0.322,0.388,0.388,0.405,0.415,0.456,0.475,0.503,0.519,0.546,0.569,0.598,0.618,0.632,0.650,0.669,0.689,0.689,0.720,0.747
Norway,0.242,0.247,0.257,0.282,0.325,0.374,0.376,0.392,0.411,0.465,0.494,0.525,0.550,0.576,0.601,0.640,0.656,0.683,0.710,0.732,0.757,0.774,0.774,0.800
Poland,0.078,0.077,0.076,0.083,0.117,0.220,0.185,0.179,0.192,0.179,0.199,0.233,0.250,0.259,0.282,0.287,0.291,0.409,0.492,0.525,0.554,0.607,0.582,0.661
Portugal,0.081,0.095,0.113,0.124,0.144,0.148,0.126,0.130,0.131,0.153,0.166,0.180,0.195,0.211,0.292,0.438,0.455,0.476,0.503,0.534,0.555,0.560,0.587,0.619
Romania,0.065,0.072,0.082,0.100,0.138,0.145,0.154,0.159,0.161,0.153,0.166,0.182,0.201,0.210,0.226,0.231,0.238,0.324,0.417,0.433,0.467,0.485,0.498,0.538
Russian Federation,0.069,0.066,0.066,0.070,0.097,0.084,0.089,0.094,0.102,0.127,0.161,0.181,0.189,0.195,0.200,0.216,0.228,0.316,0.377,0.358,0.352,0.363,0.385,0.373
Slovakia,,,,,,,,,,,,,,,,,,0.428,0.503,0.565,0.590,0.619,0.617,0.662
Slovenia,,,,,,,,,,,,,,,,0.339,0.361,0.499,0.599,0.630,0.658,0.678,0.699,0.719
Spain,0.105,0.117,0.131,0.141,0.173,0.156,0.163,0.246,0.203,0.187,0.205,0.220,0.239,0.256,0.270,0.505,0.528,0.556,0.575,0.615,0.641,0.648,0.685,0.668
Sweden,0.208,0.225,0.242,0.258,0.297,0.372,0.376,0.392,0.401,0.462,0.481,0.507,0.532,0.560,0.604,0.631,0.657,0.688,0.686,0.700,0.727,0.738,0.759,0.784
Switzerland,0.263,0.284,0.306,0.327,0.365,0.395,0.406,0.417,0.429,0.475,0.490,0.510,0.538,0.562,0.637,0.663,0.691,0.713,0.728,0.744,0.771,0.689,0.801,0.861
Ukraine,,,,,,,,,,,,,,,,0.213,0.228,0.380,0.402,0.377,0.415,0.466,0.439,0.399
United Kingdom,0.203,0.230,0.252,0.272,0.308,0.364,0.369,0.380,0.396,0.449,0.479,0.504,0.522,0.546,0.576,0.594,0.624,0.656,0.682,0.729,0.757,0.704,0.788,0.779
Serbia,0.049,0.056,0.076,0.090,0.114,0.126,0.129,0.134,0.149,0.167,0.188,0.205,0.232,0.250,0.266,0.285,0.300,0.315,0.324,0.383,0.470,0.478,0.489,0.464
Montenegro,0.049,0.056,0.076,0.090,0.114,0.126,0.129,0.134,0.149,0.167,0.188,0.205,0.232,0.250,0.266,0.285,0.300,0.315,0.324,0.383,0.470,0.478,0.489,0.464
Yugoslavia,0.049,0.056,0.076,0.090,0.114,0.126,0.129,0.134,0.149,0.167,0.188,0.205,0.232,0.250,0.266,0.285,0.300,0.315,0.324,0.383,0.470,0.478,0.489,0.464
Algeria,0.042,0.042,0.048,0.054,0.065,0.067,0.072,0.074,0.079,0.101,0.102,0.089,0.112,0.127,0.144,0.178,0.207,0.246,0.249,0.271,0.285,0.291,0.301,0.327
Angola,0.019,0.019,0.019,0.027,0.027,0.027,0.027,0.027,0.031,0.036,0.038,0.041,0.050,0.058,0.073,0.082,0.090,0.101,0.114,0.121,0.152,0.170,0.190,0.210
Benin,0.020,0.020,0.021,0.032,0.039,0.032,0.042,0.042,0.045,0.052,0.064,0.088,0.086,0.091,0.092,0.108,0.121,0.155,0.219,0.229,0.251,0.266,0.269,0.275
Botswana,0.017,0.017,0.021,0.041,0.054,0.056,0.057,0.060,0.064,0.080,0.090,0.098,0.129,0.194,0.233,0.263,0.330,0.384,0.397,0.372,0.390,0.387,0.410,0.443
Burkina Faso,0.018,0.018,0.018,0.018,0.021,0.035,0.036,0.035,0.038,0.046,0.050,0.056,0.060,0.054,0.061,0.069,0.080,0.084,0.124,0.148,0.160,0.168,0.177,0.184
Burundi,0.017,0.017,0.017,0.017,0.021,0.033,0.039,0.042,0.043,0.055,0.061,0.069,0.086,0.080,0.085,0.095,0.113,0.101,0.125,0.132,0.140,0.151,0.153,0.129
Cameroon,0.019,0.019,0.019,0.020,0.022,0.026,0.027,0.029,0.038,0.067,0.080,0.087,0.099,0.108,0.121,0.138,0.167,0.183,0.188,0.196,0.199,0.205,0.212,0.222
CAR,0.019,0.019,0.019,0.019,0.019,0.027,0.027,0.027,0.039,0.069,0.075,0.076,0.085,0.071,0.075,0.104,0.110,0.131,0.156,0.158,0.151,0.156,0.158,0.161
Chad,0.018,0.018,0.018,0.018,0.018,0.023,0.025,0.025,0.027,0.039,0.041,0.047,0.055,0.062,0.062,0.060,0.064,0.073,0.086,0.095,0.104,0.113,0.116,0.144
Congo,0.020,0.020,0.020,0.030,0.037,0.037,0.036,0.043,0.053,0.089,0.099,0.122,0.116,0.092,0.117,0.142,0.154,0.188,0.267,0.182,0.199,0.196,0.197,0.230
Congo DR,0.018,0.017,0.018,0.020,0.034,0.033,0.039,0.040,0.048,0.063,0.068,0.092,0.099,0.082,0.088,0.091,0.100,0.112,0.094,0.102,0.122,0.136,0.141,0.181
Côte d'Ivoire,0.020,0.020,0.020,0.031,0.036,0.037,0.039,0.040,0.042,0.054,0.061,0.076,0.090,0.103,0.123,0.150,0.162,0.177,0.199,0.184,0.219,0.226,0.231,0.244
Egypt,0.039,0.039,0.049,0.057,0.063,0.078,0.082,0.085,0.093,0.129,0.117,0.129,0.140,0.144,0.159,0.176,0.222,0.242,0.258,0.283,0.295,0.277,0.309,0.264
Equat. Guinea,,,,,,,,,,0.052,0.064,0.086,0.103,0.086,0.080,0.102,0.130,0.141,0.154,0.167,0.179,0.181,0.180,0.196
Eritrea,,,,,,,,,,0.058,0.064,0.068,0.057,0.062,0.058,0.060,0.062,0.074,0.101,0.104,0.096,0.099,0.102,0.107
Eswatini,0.017,0.017,0.021,0.033,0.038,0.048,0.054,0.057,0.063,0.075,0.086,0.096,0.124,0.148,0.158,0.188,0.207,0.219,0.223,0.207,0.192,0.153,0.200,0.207
Ethiopia,0.017,0.017,0.018,0.018,0.021,0.019,0.022,0.025,0.025,0.033,0.039,0.043,0.049,0.055,0.050,0.056,0.060,0.078,0.107,0.118,0.121,0.138,0.144,0.170
Gabon,0.021,0.021,0.021,0.021,0.033,0.033,0.033,0.040,0.046,0.090,0.108,0.129,0.132,0.142,0.164,0.188,0.201,0.235,0.261,0.260,0.275,0.290,0.305,0.343
Gambia,0.018,0.018,0.019,0.038,0.044,0.042,0.041,0.040,0.049,0.060,0.068,0.076,0.090,0.108,0.120,0.139,0.159,0.176,0.135,0.156,0.168,0.157,0.175,0.179
Ghana,0.019,0.019,0.020,0.039,0.048,0.052,0.060,0.064,0.067,0.110,0.139,0.163,0.170,0.204,0.167,0.249,0.168,0.184,0.268,0.300,0.314,0.333,0.322,0.361
Guinea,0.017,0.017,0.017,0.025,0.026,0.026,0.024,0.025,0.026,0.032,0.038,0.044,0.053,0.060,0.068,0.078,0.089,0.097,0.130,0.138,0.154,0.156,0.157,0.174
Guinea-Bissau,0.017,0.017,0.017,0.020,0.021,0.021,0.021,0.021,0.021,0.024,0.026,0.029,0.040,0.047,0.071,0.078,0.080,0.087,0.132,0.140,0.153,0.161,0.163,0.203
Kenya,0.022,0.023,0.025,0.032,0.039,0.045,0.046,0.047,0.053,0.082,0.091,0.106,0.140,0.148,0.158,0.177,0.186,0.207,0.233,0.235,0.256,0.261,0.272,0.293
Lesotho,0.017,0.017,0.022,0.045,0.057,0.064,0.068,0.070,0.078,0.098,0.107,0.116,0.141,0.145,0.157,0.172,0.182,0.209,0.241,0.229,0.272,0.254,0.279,0.288
Liberia,0.042,0.041,0.043,0.046,0.070,0.071,0.075,0.074,0.083,0.083,0.089,0.098,0.109,0.120,0.143,0.112,0.144,0.130,0.137,0.181,0.216,0.260,0.270,0.283
Lybia,0.016,0.017,0.017,0.018,0.021,0.024,0.027,0.032,0.030,0.066,0.084,0.099,0.126,0.102,0.117,0.156,0.173,0.185,0.203,0.217,0.229,0.227,0.249,0.290
Madagascar,0.025,0.028,0.029,0.047,0.055,0.060,0.063,0.066,0.070,0.087,0.097,0.108,0.124,0.131,0.130,0.132,0.141,0.147,0.209,0.210,0.217,0.238,0.191,0.262
Malawi,0.024,0.024,0.024,0.032,0.034,0.037,0.038,0.042,0.045,0.049,0.057,0.065,0.082,0.086,0.099,0.109,0.118,0.124,0.209,0.215,0.219,0.218,0.245,0.270
Mali,0.018,0.018,0.018,0.024,0.024,0.024,0.026,0.030,0.033,0.043,0.047,0.067,0.070,0.064,0.077,0.090,0.098,0.103,0.142,0.147,0.177,0.163,0.188,0.210
Mauritania,0.025,0.027,0.028,0.049,0.052,0.054,0.057,0.064,0.072,0.084,0.090,0.111,0.113,0.121,0.129,0.115,0.121,0.123,0.164,0.178,0.171,0.214,0.231,0.223
Mauritius,0.039,0.040,0.041,0.088,0.100,0.108,0.115,0.118,0.125,0.198,0.220,0.237,0.254,0.313,0.337,0.374,0.404,0.428,0.453,0.471,0.488,0.472,0.493,0.547
Morocco,0.026,0.026,0.027,0.029,0.037,0.041,0.045,0.047,0.049,0.065,0.071,0.089,0.113,0.121,0.128,0.161,0.180,0.203,0.228,0.251,0.273,0.279,0.293,0.322
Mozambique,0.021,0.021,0.021,0.026,0.028,0.027,0.031,0.035,0.039,0.041,0.048,0.052,0.061,0.065,0.086,0.086,0.096,0.122,0.168,0.193,0.189,0.163,0.205,0.242
Namibia,0.020,0.021,0.027,0.047,0.062,0.068,0.079,0.081,0.087,0.110,0.120,0.129,0.145,0.152,0.164,0.188,0.208,0.330,0.352,0.336,0.339,0.368,0.356,0.390
Niger,0.019,0.019,0.019,0.020,0.019,0.031,0.033,0.037,0.041,0.043,0.044,0.052,0.056,0.059,0.062,0.073,0.078,0.106,0.128,0.134,0.148,0.159,0.128,0.197
Nigeria,0.019,0.019,0.019,0.019,0.031,0.036,0.036,0.037,0.052,0.068,0.089,0.111,0.116,0.102,0.108,0.145,0.118,0.132,0.133,0.204,0.215,0.226,0.232,0.286
Rwanda,0.017,0.017,0.017,0.018,0.030,0.031,0.036,0.039,0.040,0.052,0.058,0.080,0.103,0.111,0.106,0.123,0.134,0.113,0.097,0.137,0.165,0.168,0.183,0.224
São Tomé and Principe ,,,,,,,,,,0.055,0.061,0.071,0.089,0.103,0.143,0.167,0.186,0.210,0.281,0.295,0.307,0.309,0.323,0.349
Senegal,0.021,0.020,0.021,0.033,0.036,0.038,0.045,0.045,0.052,0.066,0.072,0.094,0.101,0.115,0.133,0.154,0.178,0.196,0.220,0.229,0.214,0.252,0.246,0.282
Seychelles,,,,,,,,,,0.251,0.266,0.282,0.296,0.319,0.331,0.310,0.325,0.341,0.379,0.401,0.453,0.453,0.463,0.459
Sierra Leone,0.018,0.020,0.022,0.035,0.035,0.038,0.037,0.036,0.042,0.050,0.066,0.078,0.097,0.084,0.097,0.111,0.117,0.121,0.095,0.120,0.193,0.183,0.206,0.206
South Africa,0.084,0.088,0.093,0.094,0.111,0.118,0.123,0.128,0.138,0.153,0.167,0.177,0.185,0.198,0.204,0.210,0.222,0.250,0.375,0.367,0.370,0.366,0.378,0.430
Sudan,0.018,0.019,0.019,0.027,0.032,0.032,0.035,0.034,0.039,0.060,0.076,0.066,0.082,0.074,0.094,0.107,0.118,0.080,0.097,0.099,0.151,0.151,0.161,0.176
Tanzania,0.024,0.026,0.027,0.046,0.052,0.055,0.067,0.066,0.075,0.091,0.096,0.112,0.139,0.144,0.148,0.156,0.163,0.171,0.194,0.202,0.221,0.241,0.254,0.304
Togo,0.019,0.019,0.019,0.019,0.025,0.024,0.025,0.025,0.026,0.049,0.054,0.074,0.080,0.076,0.098,0.127,0.133,0.146,0.175,0.187,0.188,0.201,0.224,0.226
Tunisia,0.033,0.033,0.036,0.042,0.048,0.049,0.052,0.055,0.060,0.074,0.081,0.124,0.140,0.158,0.184,0.210,0.228,0.218,0.234,0.251,0.267,0.268,0.285,0.457
Uganda,0.019,0.019,0.019,0.031,0.030,0.043,0.048,0.052,0.059,0.092,0.100,0.114,0.139,0.124,0.083,0.102,0.101,0.146,0.167,0.174,0.196,0.218,0.232,0.257
Zambia,0.017,0.017,0.017,0.017,0.041,0.047,0.067,0.083,0.096,0.114,0.121,0.131,0.171,0.176,0.176,0.185,0.187,0.192,0.235,0.217,0.228,0.247,0.256,0.299
Zimbabwe,0.017,0.017,0.017,0.035,0.039,0.052,0.067,0.068,0.088,0.128,0.141,0.147,0.142,0.159,0.169,0.202,0.226,0.254,0.247,0.207,0.185,0.182,0.217,0.256
Afghanistan,,,,,,,,,,0.051,0.056,0.061,0.072,0.085,0.074,0.079,0.090,0.090,0.074,0.071,0.127,0.146,0.167,0.205
Armenia,,,,,,,,,,,,,,,,0.228,0.238,0.429,0.393,0.393,0.394,0.410,0.421,0.455
Azerbaijan,,,,,,,,,,,,,,,,0.205,0.221,0.287,0.275,0.277,0.278,0.291,0.316,0.297
Bahrain,0.020,0.020,0.020,0.020,0.022,0.044,0.061,0.067,0.069,0.122,0.103,0.117,0.132,0.162,0.185,0.192,0.209,0.210,0.222,0.239,0.279,0.281,0.284,0.256
Bangladesh,,,,,,,,,,0.099,0.102,0.090,0.114,0.107,0.112,0.146,0.143,0.169,0.210,0.237,0.240,0.201,0.253,0.251
Brunei Darussalam,,,,,,,,,,0.176,0.207,0.229,0.249,0.258,0.308,0.333,0.333,0.336,0.348,0.360,0.388,0.373,0.401,0.404
Cambodia,0.029,0.029,0.024,0.027,0.033,0.033,0.045,0.049,0.060,0.108,0.132,0.159,0.164,0.137,0.072,0.103,0.126,0.137,0.216,0.213,0.221,0.203,0.239,0.256
China,0.040,0.041,0.041,0.041,0.056,0.049,0.067,0.074,0.076,0.068,0.084,0.077,0.108,0.117,0.125,0.165,0.179,0.185,0.212,0.229,0.245,0.252,0.268,0.250
Hong Kong,0.040,0.041,0.043,0.069,0.101,0.145,0.159,0.171,0.185,0.230,0.244,0.258,0.282,0.306,0.329,0.230,0.250,0.372,0.427,0.465,0.618,0.603,0.625,0.734
Georgia,,,,,,,,,,,,,,,,0.367,0.387,0.408,0.401,0.424,0.437,0.476,0.449,0.502
India,0.032,0.034,0.036,0.043,0.051,0.062,0.068,0.073,0.085,0.121,0.150,0.163,0.178,0.194,0.186,0.224,0.241,0.260,0.282,0.307,0.317,0.331,0.334,0.377
Indonesia,0.025,0.026,0.026,0.027,0.043,0.049,0.052,0.056,0.066,0.105,0.121,0.112,0.124,0.126,0.150,0.152,0.160,0.170,0.181,0.346,0.387,0.406,0.424,0.429
Iran,0.025,0.031,0.026,0.027,0.034,0.040,0.044,0.047,0.054,0.096,0.087,0.094,0.116,0.135,0.150,0.167,0.184,0.211,0.243,0.286,0.298,0.291,0.317,0.364
Iraq,0.032,0.030,0.031,0.032,0.040,0.044,0.059,0.059,0.070,0.092,0.111,0.107,0.115,0.128,0.151,0.163,0.182,0.190,0.186,0.207,0.247,0.291,0.314,0.304
Israel,,,,,,,,,,0.370,0.384,0.399,0.421,0.459,0.495,0.515,0.534,0.558,0.580,0.605,0.628,0.663,0.679,0.735
Japan,0.087,0.095,0.116,0.139,0.172,0.191,0.209,0.216,0.223,0.304,0.419,0.465,0.498,0.546,0.575,0.610,0.656,0.675,0.719,0.749,0.779,0.726,0.815,0.803
Jordan,0.029,0.026,0.026,0.026,0.050,0.060,0.078,0.079,0.103,0.130,0.160,0.174,0.187,0.196,0.206,0.229,0.272,0.296,0.314,0.297,0.353,0.349,0.371,0.397
Kazakhstan,,,,,,,,,,,,,,,,0.209,0.225,0.343,0.331,0.335,0.342,0.354,0.361,0.378
Republic of Korea,0.042,0.043,0.046,0.052,0.050,0.060,0.067,0.077,0.086,0.155,0.182,0.198,0.215,0.246,0.242,0.282,0.340,0.516,0.572,0.653,0.695,0.669,0.725,0.699
Kuwait,0.034,0.034,0.034,0.035,0.042,0.046,0.061,0.066,0.067,0.163,0.178,0.199,0.260,0.285,0.291,0.262,0.333,0.286,0.368,0.374,0.386,0.390,0.389,0.387
Kyrgyzstan,,,,,,,,,,,,,,,,0.197,0.211,0.312,0.309,0.310,0.322,0.334,0.348,0.438
Lao PDR,0.031,0.031,0.026,0.029,0.030,0.030,0.030,0.035,0.046,0.094,0.101,0.112,0.106,0.112,0.120,0.119,0.132,0.155,0.163,0.179,0.192,0.186,0.206,0.220
Lebanon,0.040,0.040,0.045,0.050,0.081,0.117,0.131,0.142,0.161,0.195,0.217,0.225,0.248,0.269,0.279,0.281,0.293,0.294,0.314,0.330,0.351,0.356,0.391,0.429
Malaysia,0.036,0.037,0.038,0.045,0.053,0.059,0.071,0.083,0.091,0.131,0.160,0.182,0.204,0.209,0.255,0.284,0.303,0.310,0.341,0.361,0.394,0.397,0.414,0.417
Mongolia,,,,,,,,,,0.078,0.098,0.112,0.128,0.140,0.167,0.180,0.194,0.267,0.354,0.359,0.384,0.393,0.418,0.436
Myanmar,0.026,0.026,0.039,0.050,0.067,0.083,0.088,0.091,0.094,0.106,0.144,0.153,0.084,0.089,0.103,0.128,0.138,0.123,0.123,0.130,0.139,0.126,0.166,0.236
Nepal,0.023,0.023,0.021,0.021,0.021,0.024,0.025,0.027,0.029,0.042,0.056,0.069,0.069,0.078,0.087,0.102,0.121,0.149,0.201,0.223,0.204,0.227,0.294,0.308
Oman,0.021,0.021,0.021,0.021,0.022,0.023,0.029,0.032,0.032,0.051,0.064,0.068,0.076,0.113,0.132,0.164,0.184,0.211,0.243,0.263,0.309,0.326,0.324,0.334
Pakistan,,,,,,,,,,0.107,0.113,0.101,0.126,0.121,0.151,0.133,0.163,0.221,0.233,0.202,0.274,0.270,0.295,0.288
Philippines,0.021,0.023,0.024,0.044,0.085,0.109,0.118,0.125,0.140,0.179,0.210,0.221,0.233,0.240,0.163,0.190,0.199,0.355,0.372,0.395,0.373,0.389,0.409,0.423
Qatar,0.029,0.029,0.029,0.029,0.036,0.039,0.052,0.057,0.060,0.130,0.145,0.161,0.178,0.201,0.225,0.227,0.226,0.238,0.254,0.268,0.300,0.303,0.322,0.361
Saudi Arabia,0.023,0.023,0.023,0.023,0.032,0.035,0.051,0.065,0.076,0.105,0.113,0.119,0.137,0.147,0.166,0.184,0.187,0.201,0.208,0.220,0.240,0.232,0.253,0.263
Singapore,0.052,0.056,0.062,0.070,0.077,0.084,0.087,0.104,0.114,0.195,0.219,0.249,0.266,0.308,0.318,0.340,0.362,0.397,0.435,0.480,0.486,0.484,0.541,0.615
Sri Lanka,0.053,0.068,0.084,0.099,0.117,0.124,0.144,0.153,0.176,0.253,0.267,0.266,0.279,0.316,0.318,0.310,0.313,0.325,0.350,0.356,0.384,0.370,0.402,0.484
Syria,0.046,0.044,0.045,0.048,0.061,0.055,0.069,0.076,0.105,0.144,0.161,0.131,0.146,0.146,0.154,0.169,0.186,0.197,0.221,0.252,0.274,0.229,0.274,0.177
Taiwan,0.029,0.029,0.029,0.033,0.052,0.079,0.092,0.097,0.100,0.127,0.153,0.169,0.181,0.213,0.234,0.264,0.298,0.379,0.426,0.563,0.601,0.612,0.642,0.655
Tajikistan,,,,,,,,,,,,,,,,0.193,0.204,0.296,0.218,0.246,0.253,0.254,0.255,0.256
Thailand,0.027,0.034,0.039,0.041,0.049,0.054,0.061,0.084,0.096,0.120,0.132,0.139,0.147,0.180,0.212,0.239,0.285,0.335,0.367,0.386,0.400,0.310,0.389,0.309
Turkey,0.043,0.042,0.045,0.050,0.064,0.075,0.081,0.086,0.093,0.137,0.165,0.147,0.204,0.252,0.277,0.217,0.289,0.323,0.351,0.389,0.418,0.410,0.411,0.402
United Arab Emirates,0.026,0.026,0.026,0.027,0.028,0.030,0.039,0.043,0.045,0.095,0.110,0.126,0.144,0.161,0.183,0.206,0.226,0.244,0.284,0.308,0.316,0.319,0.320,0.340
Uzbekistan,,,,,,,,,,,,,,,,0.208,0.220,0.287,0.238,0.224,0.231,0.239,0.238,0.276
Viet Nam,0.044,0.043,0.035,0.042,0.044,0.050,0.053,0.068,0.083,0.113,0.118,0.155,0.134,0.191,0.207,0.164,0.165,0.176,0.203,0.233,0.261,0.254,0.279,0.350
Yemen,0.020,0.020,0.020,0.021,0.022,0.022,0.022,0.022,0.022,0.028,0.034,0.036,0.041,0.041,0.054,0.072,0.098,0.132,0.159,0.179,0.198,0.182,0.225,0.161
Australia,0.241,0.269,0.298,0.335,0.400,0.431,0.434,0.453,0.467,0.508,0.523,0.538,0.546,0.564,0.602,0.643,0.667,0.704,0.731,0.757,0.796,0.751,0.820,0.826
New Zealand,0.240,0.264,0.284,0.319,0.358,0.402,0.415,0.411,0.437,0.473,0.489,0.504,0.510,0.533,0.559,0.576,0.597,0.616,0.642,0.686,0.735,0.683,0.736,0.761
Canada,0.245,0.272,0.286,0.336,0.371,0.411,0.411,0.424,0.442,0.489,0.503,0.522,0.537,0.558,0.591,0.620,0.640,0.687,0.717,0.746,0.788,0.750,0.793,0.810
United States,0.237,0.233,0.260,0.295,0.324,0.376,0.381,0.392,0.409,0.464,0.486,0.503,0.528,0.556,0.599,0.636,0.663,0.692,0.711,0.728,0.742,0.774,0.794,0.771
,,,,,,,,,,,,,,,,,,,,,,,,
,,,,,,,,,,,,,,,,,,,,,,,,
,,,,,,,,,,,,,,,,,,,,,,,,
,,,,,,,,,,,,,,,,,,,,,,,,
,,,,,,,,,,,,,,,,,,,,,,,,
,,,,,,,,,,,,,,,,,,,,,,,,
,,,,,,,,,,,,,,,,,,,,,,,,
,,,,,,,,,,,,,,,,,,,,,,,,
,,,,,,,,,,,,,,,,,,,,,,,,
,,,,,,,,,,,,,,,,,,,,,,,,
,,,,,,,,,,,,,,,,,,,,,,,,
,,,,,,,,,,,,,,,,,,,,,,,,
,,,,,,,,,,,,,,,,,,,,,,,,
,,,,,,,,,,,,,,,,,,,,,,,,
,,,,,,,,,,,,,,,,,,,,,,,,
,,,,,,,,,,,,,,,,,,,,,,,,
,,,,,,,,,,,,,,,,,,,,,,,,
,,,,,,,,,,,,,,,,,,,,,,,,
,,,,,,,,,,,,,,,,,,,,,,,,
,,,,,,,,,,,,,,,,,,,,,,,,
,,,,,,,,,,,,,,,,,,,,,,,,
,,,,,,,,,,,,,,,,,,,,,,,,
,,,,,,,,,,,,,,,,,,,,,,,,
,,,,,,,,,,,,,,,,,,,,,,,,
,,,,,,,,,,,,,,,,,,,,,,,,
,,,,,,,,,,,,,,,,,,,,,,,,
,,,,,,,,,,,,,,,,,,,,,,,,
,,,,,,,,,,,,,,,,,,,,,,,,
,,,,,,,,,,,,,,,,,,,,,,,,
,,,,,,,,,,,,,,,,,,,,,,,,
,,,,,,,,,,,,,,,,,,,,,,,,
,,,,,,,,,,,,,,,,,,,,,,,,
,,,,,,,,,,,,,,,,,,,,,,,,
,,,,,,,,,,,,,,,,,,,,,,,,
,,,,,,,,,,,,,,,,,,,,,,,,
,,,,,,,,,,,,,,,,,,,,,,,,
,,,,,,,,,,,,,,,,,,,,,,,,
,,,,,,,,,,,,,,,,,,,,,,,,
,,,,,,,,,,,,,,,,,,,,,,,,
,,,,,,,,,,,,,,,,,,,,,,,,
,,,,,,,,,,,,,,,,,,,,,,,,
,,,,,,,,,,,,,,,,,,,,,,,,
,,,,,,,,,,,,,,,,,,,,,,,,
,,,,,,,,,,,,,,,,,,,,,,,,
,,,,,,,,,,,,,,,,,,,,,,,,
,,,,,,,,,,,,,,,,,,,,,,,,
,,,,,,,,,,,,,,,,,,,,,,,,
,,,,,,,,,,,,,,,,,,,,,,,,
,,,,,,,,,,,,,,,,,,,,,,,,
,,,,,,,,,,,,,,,,,,,,,,,,
,,,,,,,,,,,,,,,,,,,,,,,,
,,,,,,,,,,,,,,,,,,,,,,,,
,,,,,,,,,,,,,,,,,,,,,,,,
,,,,,,,,,,,,,,,,,,,,,,,,
,,,,,,,,,,,,,,,,,,,,,,,,
,,,,,,,,,,,,,,,,,,,,,,,,
,,,,,,,,,,,,,,,,,,,,,,,,